Basin,Project
N/A,General
Boise,Anderson
Boise,Arrowrock
Boise,General
Boise,Lucky Peak
Burnt,General
Burnt,Unity
Columbia,General
Columbia,Grand Coulee
Deschutes,Crane Prairie
Deschutes,Crescent Lake
Deschutes,General
Deschutes,Haystack
Deschutes,Ochoco
Deschutes,Prineville
Deschutes,Wickiup
Flathead,General
Flathead,Hungry Horse
Malheur,Beulah
Malheur,Bully Creek
Malheur,General
Malheur,Warm Springs
Owyhee,General
Owyhee,Owyhee
Payette,Cascade
Payette,Deadwood
Payette,General
Powder,General
Powder,Phillips
Powder,Thief Valley
Rogue,Emigrant
Rogue,General
Rogue,Howard Prairie
Rogue,Hyatt
Tualatin,General
Tualatin,Scoggins
Umatilla,General
Umatilla,McKay
Upper Snake,American Falls
Upper Snake,General
Upper Snake,Island Park
Upper Snake,Jackson
Upper Snake,Little Wood
Upper Snake,Palisades
Upper Snake,Ririe
Yakima,Bumping
Yakima,Cle Elum
Yakima,General
Yakima,Kachess
Yakima,Keechelus
Yakima,Rimrock
